﻿<?xml version="1.0" encoding="utf-8"?>
<extension version="3.9" type="plugin" group="vmcustom" method="upgrade" >
<updateservers>
    <server type="collection">https://emailtools.ru/media/emtplugins/emailtools.xml</server>
 </updateservers>
 <extensionset name="Joomla Core" description="Joomla! Core">
    <extension name="Joomla" element="joomla" type="file" version="1.7.0" detailsurl="https://update.joomla.org/core/extension.xml"/>
 </extensionset>
  <name>Vmcustom - Emailtools for Virtuemart</name>
  <author>Dmitriy Cheryukin</author>
  <creationDate>May 2020</creationDate>
  <copyright>(C) 2020 Shaikamalov Marsel. All rights reserved.</copyright>
  <license>GNU General Public License version 2 or later; see LICENSE.txt</license>
  <authorEmail></authorEmail>
  <authorUrl>emailtools.ru</authorUrl>
  <version>0.0.9</version>
  <description>Плагин, для интеграции сервиса EmailTools</description>

  <files>
    <filename plugin="plg_Vmcustom-EmailtoolsForVirtuemart">plg_Vmcustom-EmailtoolsForVirtuemart.php</filename>

  </files>

  <config>
    <fields name="params">
      <fieldset name="basic" >
        <field name="apikey" type="text" label="Введите ID"
           default="0"></field>
		  <field name="addlogs" type="list" default="0" label="Включить лог" description="/plugins/vmcustom/emailtools/logs/virtuemart.log" required="true" filter="">
<option value="0">Выключено</option>
<option value="1">Включено</option>
		</field>
          <field name="character" label="Character (turn on to connect the hero of the site)" type="checkbox"></field>
          <field label="By installing this plugin, you confirm the compliance of your site with the requirements for the collection and processing of personal data of site users, the laws of the countries in which you carry out activities and interact with users.
For example, in the Russian Federation this is 152 federal law, in the European Union - General Data Protection Regulation (GDPR)." type="note"></field>
		<field name="terms_and_conditions" label="Terms and conditions" type="checkbox" description="check"></field>
        <field  label="Ссылка на логи: Ваш сайт/plugins/vmcustom/emailtools/logs/emtlogs.txt" type="note"></field>
		

        
      </fieldset>
    </fields>
  </config><p> check </p>
</extension>